net,"February 2, 2000",234234234,male,it,sdfsafasf,net@email.com,$2y$10$TuA6.YeET2D.qJ45HwL1sem8TeVzT8vneVpYiuebFrNO96IaOVDf2,
Kenneth,"May 2, 1994",123456789,male,it,kjksdfjlsdf,net@email.com,$2y$10$5wDbwkkl71T0sR4V3qrE2en/Gmp1IYOQfo6deFaoJwI0f2cFS2Rz2,on
Kenneth,"August 1, 1964",123124123,male,it,alskdjfsalkdfsa,net@email.com,$2y$10$6im5s.v9fBluPUMvJWnzv.OnxAcUs1VJ0uzP480oVAn5n2biosthW,on
robert,"January 1, 2001",123123123,male,it,asdasdasd,net@email.com,$2y$10$TGtkYG2KNMe2/aeZqgGpX.xf7ZVvcB4cIhadDRl3b4u/11GpfKHIa,on
robert,"January 1, 2000",12345678,male,it,sdfasdfsadf,net@email.com,$2y$10$fN6h5yFJZ.sWSYawAKSHseqhX4DWRjEdGVNkng9d7/T4HShEReBsK,on
kevin,"January 1, 2000",12345678,male,it,asdfasdfsaf,kenneth@g.com,$2y$10$RyE/O6NhTqgBTc.e96HdIewsBRpeFUcf/hqCG/e/gyIToqcbEjot2,on
Kenneth,"January 1, 2000",12345678,male,it,ksdjfklsdf,net@email.com,$2y$10$5lPuvu5ulR3eVP0b3klV4.fOFawx2gu5Ze/1SiBKgNDQxcamqLoke,on,
Kenneth,"January 1, 2000",12345678,male,it,ksdjfklsdf,net@email.com,$2y$10$48ugXrFZIhXuiqlFzEKQ/OtX41QFhFGP6KHfsyerXrYJWu3t4qvda,on,24
Kenneth,"January 1, 2000",12345678,male,it,ksdjfklsdf,net@email.com,$2y$10$NQaURFuZnqPYSBqZekeoxeX54.qi7RELqj3/7ot6ZCF.8EtH5LpCy,on,24
net,"January 1, 2000",123123,male,cs,dasdasd,net@email.com,$2y$10$ZWTr2zVDkxUa0TY2RG6HNe.bhcDDMXTr4DBpcJpGZRzZ45dAMsRda,on,24
Rafael,"August 5, 2006",12345678,male,it,qwerty,jebeth@akljd.com,$2y$10$q.Blqa7p90.n41ic1Ml7hOE/B88cd/89jiWVTxZDTV/Wva2LtE/QG,on,24
Rafael,"August 5, 2006",12345678,male,it,qwerty,jebeth@akljd.com,$2y$10$yX.tupTEbuFS2ndnRbmTLuDpLkOrzD/EYXA1QGJCev1A905zGB/O.,on,18
Rafael,"August 5, 2006",12345678,male,it,qwerty,jebeth@akljd.com,$2y$10$wRRhHzyrIRhNA/XlR/kShugROs9t5haIYBkvmeo54bWbnM3kSRMka,on,18
robert,"February 1, 2003",qweqweqe,male,it,qwertt,nethpogi@gaksjd.com,$2y$10$.GAAOLIIyNoWCtAW.fqQoOeTp2cdrX/5BFXmUKWUMMUkho2Q7aQx6,on,18
net,"January 1, 2000",asdasdadsa,male,it,asdasdasda,net@email.com,$2y$10$G/nrAnGLbP5l4/IctWdhc.xEqKMj8KETN6Kv1a7ISLriPuyJK.FX.,on,18
net,"January 1, 2000",asdasdadsa,male,it,asdasdasda,net@email.com,$2y$10$8PUW7ob5BSsrSuoEZS/.0.s5f7BU42QaEiiZKAYOcWQzFpv3d3bCm,on,18
Kenneth,"February 2, 2003",1234213,male,it,wrwqrqwer,kenneth@g.com,$2y$10$NSfPZyusXo0l9DW/R2VkEejY.ZknJoTVDZGFWjgSJzzrnRyc2y/lW,on,24
